﻿<?xml version="1.0" encoding="UTF-8" standalone="yes"?>
<addon id="plugin.shortlist" name="Movie Shortlist" version="1.0.0" provider-name="markchalloner">
    <requires>
		<import addon="xbmc.python" version="2.20.0"/>
	</requires>
	
	<extension point="kodi.context.item" library="addon.py">
        <item>
            <label>30000</label>
            <visible>!ListItem.IsFolder + StringCompare(ListItem.dbtype,movie)</visible>
        </item>
    </extension>

	<extension point="xbmc.addon.metadata">
		<platform>all</platform>
		<summary lang="en_gb">Movie Shortlist</summary>
		<description lang="en_gb">Shortlist context menu allowing addition and removal of a shortlist tag</description>
		<license>GNU General Public License, v2</license>
		<language></language>
		<forum></forum>
		<source>https://github.com/markchalloner/kodi-context-shortlist</source>
		<email>mark.a.r.challoner@gmail.com</email>
	</extension>
	
</addon>
